{
  "items": [
    {
      "id": 1,
      "listId": 1,
      "title": "Washing pods",
      "quantity": 1,
      "price": 6.99
    },
    { "id": 2, "listId": 1, "title": "Rice", "quantity": 1, "price": 0.99 },
    {
      "id": 3,
      "listId": 2,
      "title": "Birthday Cake",
      "quantity": 1,
      "price": 8.99
    }
  ],
  "lists": [
    { "id": 1, "title": "Daily groceries" },
    { "id": 2, "title": "Birthday youngest child" }
  ],
  "tasks": [
    {
      "id": 1,
      "title": "Fix navigation bug",
      "body": "Lorem ipsum dolor sit amet, consectetur adipiscing elit. Quisque egestas dictum libero, vel tristique odio pulvinar vitae.",
      "lane": 1
    },
    {
      "id": 2,
      "title": "Release new website",
      "body": "hasellus eleifend lacus vitae est ultrices placerat. Nunc at risus id risus venenatis laoreet sit amet cursus neque.",
      "lane": 2
    },
    {
      "id": 3,
      "title": "Change button color",
      "body": "Suspendisse ac lorem a neque tempus luctus non aliquam sapien. Cras ut lacus bibendum, placerat nibh eu, tempus neque.",
      "lane": 3
    },
    {
      "id": 4,
      "title": "Deploy server on acceptance environment",
      "body": "Pellentesque pharetra fermentum sapien, aliquet ultrices ligula mattis porttitor.",
      "lane": 3
    },
    {
      "id": 5,
      "title": "Change layout for the content page",
      "body": "Cras tellus ligula, mattis at facilisis eu, ultricies vel elit. Ut aliquam volutpat lacus, a rutrum sem vulputate non.",
      "lane": 3
    },
    {
      "id": 6,
      "title": "Complete the registration flow",
      "body": "In vel commodo ipsum. Duis id ipsum semper, condimentum ipsum sit amet, maximus massa.",
      "lane": 4
    },
    {
      "id": 7,
      "title": "Create new database instance",
      "body": " Curabitur nec sem lorem. Donec venenatis, arcu vitae malesuada consequat, dolor ante placerat mi, in fermentum diam ipsum id libero.",
      "lane": 4
    }
  ],
  "reviews": [
    {
      "id": 1,
      "hotelId": 1,
      "title": "Best holiday ever",
      "description": "Donec a nisi in mi pellentesque placerat vel eu leo. Nulla facilisi. Duis dui nulla, ornare sed efficitur vitae, aliquam vel tortor. Nunc porta varius ex. Donec id porta lacus, ac facilisis nulla. Proin sed felis nec tellus dictum commodo nec quis lorem. Nam ultrices, risus ut maximus ullamcorper, elit tellus tincidunt tortor, eu euismod turpis ipsum et leo.",
      "rating": 5
    },
    {
      "id": 2,
      "hotelId": 1,
      "title": "Very clean",
      "description": "Duis blandit, dolor sed posuere sodales, diam lorem tempor libero, at vestibulum turpis nisl porttitor enim. Cras accumsan felis orci, a sagittis lectus porta ut.",
      "rating": 4
    },
    {
      "id": 3,
      "hotelId": 2,
      "title": "Exceeded all expectations",
      "description": "Donec a nisi in mi pellentesque placerat vel eu leo. Nulla facilisi. Duis dui nulla, ornare sed efficitur vitae, aliquam vel tortor. Nunc porta varius ex. Donec id porta lacus, ac facilisis nulla. Proin sed felis nec tellus dictum commodo nec quis lorem. Nam ultrices, risus ut maximus ullamcorper, elit tellus tincidunt tortor, eu euismod turpis ipsum et leo.",
      "rating": 5
    },
    {
      "id": 4,
      "hotelId": 2,
      "title": "Very clean",
      "description": "Duis blandit, dolor sed posuere sodales, diam lorem tempor libero, at vestibulum turpis nisl porttitor enim. Cras accumsan felis orci, a sagittis lectus porta ut.",
      "rating": 4
    },
    {
      "id": 5,
      "hotelId": 3,
      "title": "Older than pictures, but pleasant",
      "description": "Duis blandit, dolor sed posuere sodales, diam lorem tempor libero, at vestibulum turpis nisl porttitor enim. Cras accumsan felis orci, a sagittis lectus porta ut.",
      "rating": 3
    }
  ],
  "hotels": [
    {
      "id": 1,
      "title": "Downtown Hotel (***)",
      "thumbnail": "https://picsum.photos/id/369/400/400"
    },
    {
      "id": 2,
      "title": "Fairytail castle (*****)",
      "thumbnail": "https://picsum.photos/id/1040/400/400"
    },
    {
      "id": 3,
      "title": "Local Bed and Breakfast (**)",
      "thumbnail": "https://picsum.photos/id/437/400/400"
    }
  ]
}
