{
  "posts": [
    {
      "id": 1,
      "description": "First post",
      "imageUrl": "https://picsum.photos/id/369/400/400"
    },
    {
      "id": 2,
      "description": "Second post",
      "imageUrl": "https://picsum.photos/id/369/400/400"
    },
    {
      "id": 3,
      "description": "Third post",
      "imageUrl": "https://picsum.photos/id/369/400/400"
    },
    {
      "imageUrl": "file:///var/mobile/Containers/Data/Application/7C58BC24-76F4-4991-A388-DD94BA546A88/Library/Caches/ExponentExperienceData/%2540anonymous%252Fchapter-9-dev-4e774d0f-00ab-4c31-bc3c-03bf4c31323f/ImagePicker/12D954DA-F31F-4829-92D2-C001A6BB0752.jpg",
      "description": "Trgghgg",
      "id": 4
    },
    {
      "imageUrl": "file:///var/mobile/Containers/Data/Application/72854706-B1AB-47B0-AC78-8D5C9498C4F9/Library/Caches/ExponentExperienceData/%2540anonymous%252Fchapter-9-4e774d0f-00ab-4c31-bc3c-03bf4c31323f/ImagePicker/571F3CE7-6EEE-45EF-AFA9-D62BDA4FEF82.jpg",
      "description": "Cfff",
      "id": 5
    }
  ]
}